Bin ID,Title,Materials List,Items Removed from BIn,Items that needs to be cleaned,Clearly missing items,Worked on by,Notes:
109865,Electric Circuits Maker (Circuit Blocks),A1-A9 bags of circuits,trash,,,Vanessa,
,,B1-B9 bags of circuits,,,,,
,,"C1, C5, C9 bags of circuits",,,,,
,,no label bags of circuits,,,,,
,,bag of clay,,,,,
,,bag of miscellaneous,,,,,
,,bag of on/off switches,,,,,
,,bag of lithium volts,,,,,
,,bag of conducting wires,,,,,
,,2 bags of jumper wires,,,,,
,,bag of popsickle sticks,,,,,
,,bag of batteries(AA),,,,,
,,2 bags of set of challenge cards,,,,,
,,bag of pennies,,,,,
,,solid brass fasteners,,,,,
105949,Electric Circuits (paper circuits/scribble bots),Scribble bots Aset,pencil,,,Vanessa,
,,Scribble bots Bset,,,,,
,,Box of solar panels,,,,,
,,bag of miscellaneous,,,,,
,,cardboard,,,,,
,,bag of lithium volts plus one box,,,,,
,,bag of aluminum strips,,,,,
,,bag of conductor insulators,,,,,
,,Scotch tape,,,,,
,,box of white chalk,,,,,
,,bag of paperclips and penneis,,,,,
,,two copper wries,,,,,
,,co-rode,,,,,
,,box of small paperclips,,,,,
,,bag of batteries,,,,,
,,bag of paper fastners,,,,,
,,bag of erasers,,,,,
106959,Earth Materials,one bucket,,,,Vanessa,
,,bag of socks,,,,,
,,worksheets,,,,,
,,bag of chalk,,,,,
,,2 plates to place materials,,,,,
,,bag of extra,,,,,
,,bag of vials with cap,,,,,
,,bag of evaporating dishes with lids,,,,,
,,seperating container,,,,,
,,two paper plates,,,,,
,,bag of wax candles,,,,,
,,bag of sticky notes,,,,,
,,bag of straws,,,,,
,,3 spoons,,,,,
,,bag of measurin tape,,,,,
,,box of paperclips,,,,,
,,pipette,,,,,
,,bag of pennies,,,,,
,,bag of nails,,,,,
,,pink felspar,,,,,
,,hornblende,,,,,
,,pink granite,,,,,
,,calcite,,,,,
,,2 limestone gray bags,,,,,
,,rock + minerals specimen,,,,,
,,gravel aquarium green,,,,,
,,ceramic tiles,,,,,
,,teacher kit bag,,,,,
,,2 bags of mica,,,,,
,,2 bags of marble white,,,,,
,,gypsum,,,,,
,,basalt,,,,,
,,2 bags of gray granite,,,,,
,,3 unlabeled bags containing rocks,,,,,
,,4 empty bags,,,,,
,,one marker,,,,,
106960,Earth Materials,two empty bottles,,,,Vanessa,
,,2 paper towel roll,,,,,
,,6 plates to place materials,,,,,
,,5 paper plates,,,,,
,,2 bags of cups,,,,,
,,2 bags of lids,,,,,
,,separating container,,,,,
,,bag of pipetters,,,,,
,,2 bags of vials,,,,,
,,bag of spoons,,,,,
,,bag of chalk + sticky notes,,,,,
,,"bag of paperclips, funnel, and pennies",,,,,
,,bag of measuring tape,,,,,
,,bag of flourite,,,,,
,,mica,,,,,
,,bag of calcite,,,,,
,,2 oyster shell pieces,,,,,
,,bag of extras,,,,,
,,bag of pennies,,,,,
,,gypsum,,,,,
,,extra ziploc bags,,,,,
,,2 pink feldspar,,,,,
,,nails,,,,,
,,quartz,,,,,
,,hornblende,,,,,
,,pink granite,,,,,
,,basalt,,,,,
,,2 sandstone gray,,,,,
,,gray granite,,,,,
,,marble,,,,,
,,2 white marble,,,,,
,,2 limestone gray,,,,,
,,2 gravel aquarium red,,,,,
,,rock + minerals specimen,,,,,
,,2 gravel aquarium green,,,,,
,,schist,,,,,
,,rhyolite,,,,,
,,ceramic tiles,,,,,
,,slate,,,,,
,,shale,,,,,
,,granite,,,,,
,,2 unlabeled bags of rocks,,,,,
,,bag of magnifying glasses,,,,,
,,worksheets,,,,,
,,poster,,,,,
106961,Earth Materials,"Bag of spoons, 22, sizes vary",Crumpled paper plate,,,Canyon,Box is stuffed to the brim
,,"Bag of evaporating dishes, ~50 count","Crushed box of paper 1"" clips",,,,
,,(9) Bag of misc. rocks,Broken petri dish w/ 4 purple aquarium rocks,,,,
,,"Bag of black rocks, ""Horneblend 106961""",Box of jumbo paper clips,,,,
,,Bag of flat pink rocks w/ red bits,Bag of 15 pennies and 5 paper clips,,,,
,,(2) Bag of granite,"Bag of small sticky notes, 4 count",,,,
,,(2) Bag of calcite crystals,,,,,
,,"Large bag of 2.5""h x 1""d sample tubes",,,,,
,,Bag of granite,,,,,
,,Bag of chalky white rocks,,,,,
,,"Bag of pink feldspar, ~10 count",,,,,
,,Bag labeled pink granite containing some granite and another rock,,,,,
,,(2) Bag of mica,,,,,
,,"Bag of gray sand sandstone, ~8 count",,,,,
,,"Bag of gypsum rocks, ~10 count",,,,,
,,"Bag of gray granite, 8 count",,,,,
,,"Bag of flourite, 8 count, ""4 F""",,,,,
,,Bag of flat gray rocks w/ green and pink bits,,,,,
,,"Bag of quartz, 6 count, ""2 Q""",,,,,
,,"Bag of basalt, ~10 count",,,,,
,,"Bag of limestone gray, ~5 count",,,,,
,,"Bag of misc. Limestone, ""LIMESTONE""",,,,,
,,"Bag labeled ""#3 sandstone"" containing a single 1.5""x1.5"" white salt crystal",,,,,
,,"Bag of marble rocks, 7 count, ""Marble""",,,,,
,,"Bag containing 2 large cloudy quartz (or gypsum) crystals, ""3 G""",,,,,
,,(2) Bag of rusty nails,,,,,
,,Bag containing broken geode,,,,,
,,"(3) Bag of gray ceramic tiles, ~15 count",,,,,
,,Bag of pink granite,,,,,
,,"Bag labeled ""Sandstone Gray"" containing one granite rock and an orange rock",,,,,
,,"Bag of marble white, 5 count",,,,,
,,"Bag of sandstone gray, 5 count",,,,,
,,"Rock and mineral set, 13 specimens",,,,,
,,"Tape measure, flexible, FOSS, 100 cm",,,,,
,,"Paper plates, ~50-100 count",,,,,
,,"Rock examination trays w/ 4 dishes, 8 count",,,,,
,,"Sample box, empty, 4""x8""x1""",,,,,
,,"Bag of 2 graduated cylinders and stands, 50 mL",,,,,
,,Box of blackboard chalk,,,,,
,,Bag of bags,,,,,
,,"Paper number, ""1"", ""2"", ""4"" (3 missing)",,,,,
,,"Paper rulers, 40 cm, 8 count",,,,,
102722,Animal Behavior,19 Plastic Cups,2 Plastic Containers,,,Giancarlo,There Were live worms and they were put in the work colony
,,13 Pipettes ,,,,,
,,1 Bag of Nails,,,,,
,,1 Bag of Clothing Pins,,,,,
,,1 Bag of Gold Tiles,,,,,
,,1 Bag of Penlights,,,,,
,,1 Stack of Blue holding containers,,,,,
,,1 Bag of Petri Dishes,,,,,
,,1 Bag of Magnify Glasses 1 Folder,,,,,
102480,Animal Behavior,2 bags of miscellaneous papers,,,,Giancarlo,
,,1 bag of small pipettes ,,,,,
,,1 bag of clear pipettes,,,,,
,,10 small clear cups,,,,,
,,21 large clear cups,,,,,
,,1 bag of petri dishes,,,,,
,,1 bag of qtips,,,,,
,,1 bag of fuzzy strings,,,,,
,,1 wooden spoon,,,,,
,,1 stack of blue containers,,,,,
,,1 bag pf small clear spoons,,,,,
,,1 bag of straws,,,,,
,,1 bag of nails,,,,,
,,1 bag of gold tiles,,,,,
,,1 bag of paper clips,,,,,
,,1 bag of magnifiers,,,,,
,,1 bag of pennies,,,,,
,,1 bag of cloth clips,,,,,
,,2 tapes,,,,,
,,1 folder,,,,,
120501,Quadice,4 bags of dice,,,,Giancarlo,
,,16 Plastic cups,,,,,
,,1 bag of dry erase markers,,,,,
,,1 bag of instructions,,,,,
,,1 stack of construction paper,,,,,
109886,On Sandy Shores Kit,1 unopened set of magnets,,,,Giancarlo,
,,6 glues,,,,,
,,1 bag of magnets,,,,,
,,4 sticks of clay,,,,,
,,1 bag of black beads,,,,,
,,2 sets of stream paper,,,,,
,,4 boxes on invisible tape,,,,,
,,1 bag of ziploc bags,,,,,
,,1 bag of modelling material,,,,,
,,1 bag of turtle soup,,,,,
,,2 bag of beans,,,,,
,,1 bag of toothpicks,,,,,
,,1 bag of balloons,,,,,
,,6 liquid containers,,,,,
,,1 xl liquid container,,,,,
,,1 stacks of plates,,,,,
,,1 pack of hay,,,,,
,,1 container of powdered tempera,,,,,
,,2 bags of cotton balls ,,,,,
,,1 bag of straws,,,,,
,,1 bag of sheers,,,,,
,,I bag of fuzzy stems,,,,,
,,1 plastic world ,,,,,
,,1 brush,,,,,
,,1 tape,,,,,
,,1 bag of litter,,,,,
,,1 bag of crepe paper,,,,,
,,2 stacks of construction paper,,,,,
,,1 stack of black bags,,,,,
,,3 miscellaneous paper bags,,,,,
135919,Pirate Kit,1 bag of erasers,,,,Giancarlo,
,,1 bag of eyepatches,,,,,
,,2 sets of different gold coins,,,,,
,,11 treasure boxes,,,,,
,,56 bandanas,,,,,
,,6 telescopes,,,,,
107043,Planetary Science,8 plastic globes,,Beakers,,Giancarlo,"The cylinders have a stench, but are clean so I kept them inside"
,,1 stack of laminated paper with info,,,,,
,,1 stack of cardboard paper,,,,,
,,3 bags of straws,,,,,
,,2 folders with worksheets,,,,,
,,1 bag of ping pong balls,,,,,
,,1 bag of rocks,,,,,
,,2 sets of plastic cups,,,,,
,,1 bag of magnifying glasses,,,,,
,,4 liquid containers,,,,,
,,1 bag of index cards,,,,,
,,1 bag of blue cubes,,,,,
,,1 bag of seal bags,,,,,
,,3 sets of plastic bags,,,,,
,,2 small spoons,,,,,
,,1 wooden triangle,,,,,
,,1 bag of blue containers,,,,,
,,1 bag of teal spoons,,,,,
,,1 box of thumb tacks,,,,,
,,1 roll of aluminum foil,,,,,
,,1 set of graduated cylinders,,,,,
,,1 bag of rubber bands,,,,,
,,1 bag of wooden cylinders,,,,,
,,1 bag of blue nails,,,,,
,,1 bag of marbles,,,,,
,,1 bag of marbles,,,,,
,,1 bag of xxs orange spheres,,,,,
,,1 bag of rocks,,,,,
,,1 bag of xs containers,,,,,
107037,Solar Energy Kit,2 sets of plastic cups,,,,Giancarlo,
,,"1 cup w/ batteries, compasses, and popsicle sticks",,,,,
,,"1 cup w/ chalk,flashlights,rubber bands, andgold teks",,,,,
,,8 liquid containers,,,,,
,,1 stack of cardboard,,,,,
,,1 bag of syringes,,,,,
,,1 bag of thermometers,,,,,
,,2 bags of sand,,,,,
,,1 bag of plotting soil,,,,,
,,1 bag of plastic bags,,,,,
,,1 set of dish plates,,,,,
,,2 sets of miscellaneous paper,,,,,
,,1 bag of tape,,,,,
104787,Treasure Boxes,2 sets of treasure game boards ,,,,Giancarlo,
,,3 sets of farm animals,,,,,
,,1 yellow yarn,,,,,
,,1 white yarn,,,,,
,,2 rulers,,,,,
,,1 pack of game cards,,,,,
,,1 set of coins,,,,,
,,3 sets of colored foam shapes,,,,,
,,1 set of marbles,,,,,
,,1 scissor,,,,,
,,1 set pf colored buttons,,,,,
,,6 sets of dice,,,,,
,,1 set of seashells,,,,,
,,2 bags of gems,,,,,
,,3 containers of farm animals,,,,,
108379,Paper Towel Testing,1 set of worksheets,2 calculators given to tiff and andre,,,Giancarlo,
,,8 rolls of paper towels,,,,,
,,15 syringes,,,,,
,,7 funnels,,,,,
,,1 bag of rubber bands,,,,,
,,3 tiny pie plates,,,,,
,,7 large alumunum plates,,,,,
,,1 set of empty ziploc bags,,,,,
107147,Snail Lab,2 rolls of paper towels,,Pennies,Washers,Giancarlo,
,,3 spray bottles,,,,,
,,1 bag of pennies,,,,,
,,20 pipettes,,,,,
,,2 stacks of s cups,,,,,
,,1 stack of m cups,,,,,
106964,Variables,"Bag of big sponges (pink, 1 yellow), 8 count",Crusty green baloon fused to some pop sticks,,Paper cups,Canyon,
,,"Bag of rotocopter blades, ~15 count","Scary ""sweetheart"" (dixie) cup",,,,
,,"Bag of straws, ~40-60 count",Trash,,,,
,,"15""x1/4"" wooden pegs, ~15 count",(4) UTeach pencils,,,,
,,"Bag of pop sticks, ~20 count",Deformed paperclips,,,,
,,Bag of bags,,,,,
,,"Bag of sterile swabs, 8 count",,,,,
,,"Bag of washers, ~20  count",,,,,
,,"Bag of pointy pencil eraser heads, ~15 count",,,,,
,,Box of #1 smooth paperclips,,,,,
,,Box of jumbo smooth paperclips,,,,,
,,"Bag of coarse 50 grit sandpaper, ~5 count",,,,,
,,Bag of rubber bands,,,,,
,,Bag of string,,,,,
,,White electrical tape,,,,,
,,Small ball of string,,,,,
,,(2) Thin rolls of duck tape,,,,,
,,"Bag of measuring tapes, 100 cm, flexible, 6 count",,,,,
,,"Bag of baloons, 4 count",,,,,
,,"Bag of blue plastic bases, 8 count",,,,,
,,"Folder with safety sign, originals, and transparencies",,,,,
,,Wood base,,,,,
,,"Small bag of plastic hooks, ~10 count",,,,,
,,"Bag of round stickers, red, gree, blue, yellow, ~50-75 count",,,,,
106947,Solar Energy,"(15) cardboard squares, 12""x12""",Crumpled paper,,,Canyon,
,,"(6) Empty plastic jugs, ~500 mL ",,,,,
,,"Jar of black volcanic sand, ""Hawaii""",,,,,
,,"Reptile sand, midnight black, 10 lb., decepitvely small",,,,,
,,Bag of fine sand,,,,,
,,Bag of coarse brown sand,,,,,
,,(5) Cardboard windowed triangle folds,,,,,
,,Bag of garbage bags,,,,,
,,(2) Bag of black plastic sheets,,,,,
,,Bag of transparent plastic sheets,,,,,
,,Bag of white plastic sheets,,,,,
,,"Stack of 1.5""hx4""d plastic dishes, ~20 count",,,,,
,,"Stack of 4""d plastic lids, ~10 count",,,,,
,,"Stack of short plastic cups, 3""hx3""d",,,,,
,,"Bag of invisible tape, 4 rolls",,,,,
,,Box of blackboard chalk,,,,,
,,"Bag of compasses, 10 count",,,,,
,,Bag of rubber bands,,,,,
,,"Bag of large syringes, 60 mL, 4 count",,,,,
,,"Bag of bubblewrapped thermometers (glass), 17 count",,,,,
,,"Bag of pop sticks, ~10 count",,,,,
,,(3) Manila envelope of acetate sheets,,,,,
,,Manila envelope of thermometer transparencies,,,,,
,,Empty large manila envelope,,,,,
107491,On Sandy Shores Kit,2 containers of powdered tempera,,,,Giancarlo,
,,1 bag of cotton balls,,,,,
,,5 globes,,,,,
,,2 sets of purple stream line paper,,,,,
,,3 sets of magnets,,,,,
,,3 sets of hay,,,,,
,,4 sets of beans,,,,,
,,6 glues,,,,,
,,4 clayed rectangular prisms,,,,,
,,1 bag of black material,,,,,
,,1 stack of blue plates,,,,,
,,1 stack of white plates,,,,,
,,1 set of black bags,,,,,
,,1 bag of ziploc bags,,,,,
,,1 bag of straws,,,,,
,,1 set of foam strings,,,,,
,,1 brush,,,,,
,,2 sets of index cards,,,,,
,,3 paper crepes,,,,,
,,1 bag of green balloons,,,,,
,,1 tape,,,,,
,,1 set of blue construction paper,,,,,
,,1 set of miscellaneous papers,,,,,
,,1 bag of feathers,,,,,
,,1 bag with turtle pics,,,,,
,,1 box of toothpicks,,,,,
,,1 set of clear bags,,,,,
109899,On Sandy Shores kit,nothing...,,,Everything,Giancarlo,This crate is empty
107183,Animal Behavior,2 bag of magnifying glasses,,,,Giancarlo,
,,1 bag of nails,,,,,
,,1 bag of plastic cups,,,,,
,,1 bag of pipettes,,,,,
,,1 bag of clothing clips,,,,,
,,1 stack of blue plates,,,,,
,,1 bag of paper clips,,,,,
,,1 bag of q tips,,,,,
,,1 empty container,,,,,
,,2 white plates,,,,,
,,1 bag of gold tiles,,,,,
,,1 bag of straws,,,,,
,,1 set of foam sticks,,,,,
,,1 set of penlights,,,,,
,,1 set of miscellaneous papers,,,,,
107179,Variables,1 bag of straws,,,,Giancarlo,
,,8 sponges,,,,,
,,1 bag of popsicle sticks/rulers,,,,,
,,8 plastic blue figures,,,,,
,,1 roll of aluminum foil,,,,,
,,5 plastic cups,,,,,
,,1 roll of duct tape,,,,,
,,1 roll of fishing line,,,,,
,,2 single hole punchers,,,,,
,,7 metric rulers,,,,,
,,1 bag of corks,,,,,
,,1 bag of rubber stoppers,,,,,
,,1 bag of sand paper,,,,,
,,8 white plastic figures,,,,,
,,2 rolls of string,,,,,
,,1 set of worksheets,,,,,
106937,stories in stone,2 white containers (1 filled with rocks),stickers,candles,,Giancarlo,
,,2 sets of molding clay,play dough,,,,
,,1 paper towel,index cars,,,,
,,1 bag of pippettes,1 bag of baby wipes,,,,
,,1 roll of duct tape,1 bag of candles,,,,
,,1 bag of metal spoons,,,,,
,,1 bag of small straws,,,,,
,,1 bag of small containers,,,,,
,,1 set of small cups,,,,,
,,1 bag of plastic spoons,,,,,
,,1 stack of small pie pans,,,,,
,,1 bag of scotch tape,,,,,
,,9 rock kits,,,,,
,,2 sponges,,,,,
,,1 pack of worksheets,,,,,
,,1 bag of marine sand,,,,,
,,1 black rock,,,,,
,,1 bag of magnifying glasses,,,,,
,,1 set of measuring spoons,,,,,
,,1 container of phenyl salicylate,,,,,
,,1 pitcher,,,,,
109898,Schoolyard Ecology,1 roll of yarn,,,,Giancarlo,
,,32 clipboards,,,,,
,,1 stack of worksheets,,,,,
,,4 transperencies,,,,,
,,9 apparel boxes,,,,,
,,1 bag of plastic bags,,,,,
,,1 box of markers,,,,,
,,1 bag of magnifying glasses,,,,,
,,1 bag of lids,,,,,
,,5 layered plates,,,,,
,,1 bag of popscicle sticks,,,,,
,,1 bag of sponges,,,,,
,,1 tape,,,,,
,,1 box of tooth picks,,,,,
,,1 set of neon stickers,,,,,
120652,Rays Reflection Mirror Lab,15 red mirrors,,,,Giancarlo,
,,17 2x3 mirrors,,,,,
,,21 mirror sleeves,,,,,
,,1 bag of small mirror holders,,,,,
,,15 hinged mirrors,,,,,
,,15 3x5 mirrors,,,,,
,,15 mirror holders,,,,,
102050,Moons of Jupiter,2 rolls of aluminum Foil,,,,Giancarlo,
,,1 set of foam plates,,,,,
,,16 toilet paper rolls,,,,,
,,8 plastic food holders,,,,,
,,1 container,,,,,
,,7 plastic cups,,,,,
,,2 sets of package peanuts,,,,,
,,1 set of material paper,,,,,
,,2 cardboard cutouts,,,,,
107077,Moons of Jupiter,8 totes,,,2 metal lid covers,Giancarlo,
,,2 cardboard cutouts,,,,,
,,1 penguin,,,,,
,,1 plastic world w/ stand,,,,,
,,16 film canisters,,,,,
,,1 pack of tubes,,,,,
,,1 box of toothpicks,,,,,
,,8 wooden pecks,,,,,
,,5 metal lids,,,,,
,,8 green strings,,,,,
,,8 plastic cups,,,,,
,,1 ping pong ball,,,,,
,,1 bag of small balls,,,,,
,,8 aluminum cups,,,,,
,,1 set of string,,,,,
,,1 bag of straws,,,,,
,,1 foam ball,,,,,
,,1 set of plastic/metal spoons,,,,,
,,1 bag of popscicle sticks,,,,,
,,1 roll of tape,,,,,
,,1 set of plastic cups,,,,,
,,1 set of green string,,,,,
,,8 xl plastic cups,,,,,
,,2 sets of cotton balls,,,,,
,,1 set of bubble wrap,,,,,
102051,Moons of Jupiter,8 plastic containers,,,,Giancarlo,
,,1 bag of rocks,,,,,
,,1 inflatable world w/ stand,,,,,
,,1 bag of straws,,,,,
,,1 bag of popscicle sticks,,,,,
,,1 bag of green yarn,,,,,
,,1 bag of spoons,,,,,
,,8 aluminum foil cups,,,,,
,,16 foam trays,,,,,
,,1 stack of plastic containers,,,,,
,,16 toilet paper rolls,,,,,
,,1 roll of string,,,,,
,,1 bag of green springs,,,,,
,,1 bag of wooden pegs,,,,,
,,2 sets of stickers,,,,,
,,1 foam ball,,,,,
,,1 set of small plastic cups,,,,,
,,1 ping pong ball,,,,,
,,6 green baskets,,,,,
,,1 set of straws,,,,,
,,1 bag of films,,,,,
,,1 box of toothpicks,,,,,
,,1 bag of bubble wrap,,,,,
,,1 roll of tape,,,,,
,,8 tubes,,,,,
,,1 set of metal spoons,,,,,
,,2 sets of small balls,,,,,
,,1 bus,,,,,
,,1 penguin,,,,,
,,8 metal lids,,,,,
101831,Moons of Jupiter,8 cardboard cutouts,,,,Giancarlo,
,,2 bags of penuts,,,,,
,,2 cotton balls,,,,,
,,2 sets of aluminum foil,,,,,
,,4 sest of miscellaneous papers,,,,,
,,1 s plastic containers,,,,,
,,1 m plastic containers,,,,,
,,1 container w/ lid,,,,,
,,1 stack of plastic cups,,,,,
107176,Microworld,2 film paper,,,,Giancarlo,
,,2 sponges,,,,,
,,1 roll of wax paper,,,,,
,,1 set of magnifying glasses,,,,,
,,1 bag of pippettes,,,,,
,,1 bag of square papers,,,,,
,,1 bag of cotton balls,,,,,
,,1 bag of toothpicks,,,,,
107076,Moons of Jupiter,5 bags of packing penuts,,,,,
,,1 bag of toilet paper rolls,,,,,
,,2 rolls of aluminum foil,,,,,
,,1 set of miscellaneous papers,,,,,
102028,Moons of Jupiter,3 xxxl clear plastic containers w/ no lid,,,,,
,,8 10 quart dish pans,,,,,
,,3 styrofoam balls,,,,,
,,6 12 oz cups,,,,,
,,1 complete tube,,,,,
,,1 inflatable globe w/ stand,,,,,
,,1 set of bubble wrap,,,,,
,,1 set of green springs,,,,,
,,1 roll of string,,,,,
,,11 ball bearings,,,,,
,,15 film canisters,,,,,
,,8 wooden bread holders,,,,,
,,2 bags of cotton balls,,,,,
,,16 styrofoam trays,,,,,
,,1 bag of metal spoons,,,,,
,,4 pieces of cardboard,,,,,
,,1 bag of plastic spoons,,,,,
,,8 aluminum pie cup things,,,,,
,,1 set of red coffee straws,,,,,
,,1 ping pong ball,,,,,
,,7 2 oz cups,,,,,
,,6 marbles,,,,,
107091,Math aorund the world,1 set of gameboards,,,,Giancarlo,
,,16 mancala game boards,,,,,
,,17 numbered tiles,,,,,
,,17 tower of hanoi puzzles,,,,,
,,1 set of popscicle sticks,,,,,
,,1 set of kalah game pieces,,,,,
,,50 2 oz cups,,,,,
,,1 bag of paper clips,,,,,
,,39 sandwich bags,,,,,
,,1 bag of black beans,,,,,
,,1 bag of pinto beans,,,,,
,,1 bag of white beans,,,,,
,,11 bags of blue/yellow game pieces,,,,,
,,1 bag of colored plastic rods,,,,,
,,1 bag of circle puzzle pieces,,,,,
106906,Math Around the world,1 set of gameboards,,,,Giancarlo,
,,70 6x9 sandwhich bags,,,,,
,,20 sets of tiles,,,,,
,,16 mancala boards,,,,,
,,50 2 oz cups,,,,,
,,1 pack of paper clips,,,,,
,,1 bag of popscicle sticks,,,,,
,,1 box of sheet protectors,,,,,
,,2 bags of lima beans,,,,,
,,6 bags of yellow/blue game pieces,,,,,
,,2 bags of black beans,,,,,
,, 1 bag of pinto beans,,,,,
,,11 bags of white/black beans,,,,,
,,13 mancala pieces,,,,,
,,3 bags of colored rods,,,,,
106992,Electric circuits,86 pieces of cardboard,,,,Vanessa,
106948,Acid Rain,teacher master copies,,,,Vanessa,
,,8 food plates,,,,,
,,sand,,,,,
,,vinegar,,,,,
,,potting soil,,,,,
,,bag of acid and normal rain containers,,,,,
,,bag of acid rain containers,,,,,
,,acid rain solution,,,,,
,,bag of writing paper,,,,,
,,16 to-go contsiners,,,,,
,,91 cups,,,,,
,,4 universal indicator,,,,,
,,bag of rubber bands,,,,,
,,bsg of sunflower seeds,,,,,
,,17 chemplates,,,,,
,,bag of graduated cyinders,,,,,
,,bag of straws,,,,,
,,bag of popsickle sticks,,,,,
,,white cardstock,,,,,
,,plastic wrap,,,,,
,,coffee filters,,,,,
,,one measuring utensil,,,,,
,,bag of sharpies,,,,,
,,pea seeds,,,,,
,,box of sharpies,,,,,
,,indicator solution visual paper,,,,,
,,bag of pipettes,,,,,
,,ball of yarn,,,,,
,,baking soda,,,,,
,,hole puncher,,,,,
,,dripping containers,,,,,
,,scotch tape,,,,,
102268,Acid Rain,14 chemplates,,,,Vanessa,
,,premium wrap,,,,,
,,white cardstock,,,,,
,,sulfuric acid rain,,,,,
,,baking soda,,,,,
,,48 cups,,,,,
,,sand,,,,,
,,8 container cups,,,,,
,,5 graduated cylinders,,,,,
,,bag of sharpies,,,,,
,,bag of pipettes,,,,,
,,bag of straws,,,,,
,,20 pipettes,,,,,
,,bag of popsickle sticks,,,,,
,,baf\g of conatiner bottles,,,,,
,,13 to-go boxes,,,,,
,,2 scotch tape,,,,,
,,2 bags of sunflower seeds,,,,,
,,2 bags of peas,,,,,
,,hole puncher,,,,,
,,bag of rubber bands,,,,,
,,ball of yarn,,,,,
107047,Ideas and Invention Kit,8 cardboard cutouts,,,,Giancarlo,
,,1 stack of copy paper,,,,,
,,1 stack of coffee filters,,,,,
,,1 stack of plastic cups,,,,,
,,36 mirrors,,,,,
,,1 set of fingerprints,,,,,
,,1 bag of textured objects,,,,,
,,1 bag of cardboard,,,,,
,,20 washers,,,,,
,,10 tile slides,,,,,
,,2 boxes of markers,,,,,
,,1 bag of paper clips,,,,,
,,40 lids,,,,,
,,1 bag of tape,,,,,
,,1 box of food coloring,,,,,
,,1 bag of mirror clips,,,,,
,,small pack of sticky notes,,,,,
,, 1 bag of rubber bands,,,,,
,,1 set of giant index cards,,,,,
,,1 stack of smal bowls1,,,,,
,,1 permanent marker,,,,,
111267,Crime Scene Kit,1 bag of magnifying glasses,,,,Giancarlo,
,,1 box of fired shells,,,,,
,,1 bag of fired shells,,,,,
107065,Earth History Kit,17 plastic containers,,,,Giancarlo,
,,2 rolled maps,,,,,
,,1 rolled string,,,,,
,,1 bag of glass square bottles w/ caps,,,,,
,,1 container w/ calcium hydroxide,,,,,
,,2 petri dishes,,,,,
,,1 bag of magnifying glasses,,,,,
,,2 vhs tapes,,,,,
,,4 syringes,,,,,
,,1 stack of cups,,,,,
,,1 set of index cards,,,,,
,,1 box of paper clips,,,,,
,,1 set of miscellaneous papers,,,,,
107070,Enviornmental Detectives kit,8 cylindrical containers w/ lids,,,,Giancarlo,The lid of the crate is broken on the back
,,2 cylindrical containers without lids,,,,,
,,1 container of vinegar,,,,,
,,1 set of file paper,,,,,
107071,Enviornmental Detectives Kit,1 bag of washers,,,,Giancarlo,
,,1 set of miscellaneous papers,,,,,
,,1 plastic holder,,,,,
,,2 sets of red markers,,,,,
,,2 sets of green markers,,,,,
,, 2 funnels,,,,,
,,1 set of blue stickers,,,,,
,,1 set of green stickers,,,,,
,,1 set of yellow stickers,,,,,
,,1 bag of ph paper kits,,,,,
,,4 wet erase markers,,,,,
,,5 sharpies,,,,,
,,1 bag of bromothymol blue,,,,,
,,1 bag of coffee filters,,,,,
,,1 roll of yarn,,,,,
,,1 set of liquid holders,,,,,
,,2 1lb silt bags,,,,,
,,16 plastic bags,,,,,
,,8 pencils,,,,,
,,1 bag of moss sphagnum,,,,,
,,27 blank white dice,,,,,
,,1 roll of tape,,,,,
,,20 9 oz cups,,,,,
,,8 pippettes,,,,,
,,1 pack of 10 containers,,,,,
,, 2 spones,,,,,
,,1 bag of baking soda,,,,,
,,8 crayons,,,,,
,,2 packs of sticky notes,,,,,
105921,Geology Kit,6 wire mesh,,,Rocks,Giancarlo,
,,1 bag of granite,,,,,
,,1 plastic holder,,,,,
,,1 bag of quart crystals,,,,,
,,1 bag of sandstone,,,,,
,,1 bag of unknown rocks,,,,,
,,1 bag of limestone,,,,,
,,1 container of gravel,,,,,
,,1 container of clay,,,,,
107035,Food Chemistry,12 6 cup lab trays,,,Salt,Giancarlo,
,,1 container of corn oil,,,,,
,,1 isopropyl alcohol,,,,,
,,1 rubbing alcohol,,,,,
,,1 small beaker,,,,,
,,14 10 cup lab trays,,,,,
,,20 Petri dishes,,,,,
,,16 hand lens,,,,,
,,80 2 oz cups with lids,,,,,
,,5 packs of glucose test strips,,,,,
,,16 envelopes,,,,,
,,4 funnels,,,,,
,,26 forceps,,,,,
,,1 bottle of iodine solution,,,,,
,,8 taster spoons,,,,,
,,1 bag of protein test strips,,,,,
,,1 bag of paper brown bags,,,,,
,,1 bag of flat toothpicks,,,,,
,,1 box of name tag labels,,,,,
107032,Food Chemistry,2 bottles of rubbing alcohol,,,,Giancarlo,
,,1 bottle of corn syrup,,,,,
,,1 bottle of iodine,,,,,
,,1 bag of 10 cup lab trays,,,,,
,,1 bottle of white vinegar,,,,,
,,50 brown paper bags,,,,,
,,80 2 oz cups with lids,,,,,
,,1 stack of petri dishes,,,,,
,,1 small measuring cup,,,,,
,,8 boxes of toothpicks,,,,,
,,16 hand lens,,,,,
,,32 foreceps,,,,,
,,1 sharpie,,,,,
,,2 sets of giant plastic bags,,,,,
,,3 pks of glucose test stripes,,,,,
,,16 envelopes,,,,,
,,1 bag of protein test stripes,,,,,
,,8 paster spoons,,,,,
,,1 bag of labels,,,,,
107072,Frog Math,1 frog math teacher's pack,,,,,
,,1 stack of paper cardstock,,,,,
,,1 box of toy frog jumpers,,,,,
,,3 sets of different sticky notes,,,,,
,,1 stack of envelopes,,,,,
,,5 sharpies,,,,,
,,1 bag of erasers,,,,,
,,1 bag of foam colores tiles,,,,,
,,2 hole punchers,,,,,
,,3 rolls of yarn,,,,,
,,1 childrens book,,,,,
,,1 set of 3 oz cups,,,,,
,,1 set of paper cups,,,,,
,,1 stack of 9 oz cups,,,,,
,,1 box of frog erasers,,,,,
,,10 large yellow frogs,,,,,
,,1 bag of tiny frogs,,,,,
,,3 bottles of glue,,,,,
,,5 bags of die,,,,,
,,2 giant rolls of paper,,,,,
,,3 envelops of gameboards,,,,,
,,1 bag of medium-sized frogs,,,,,
,,1 set of plastic bags,,,,,
,,1 glass container w/ 1 frog,,,,,
,,1 random container,,,,,
,,1 set of felt,,,,,
,,1 masking tape,,,,,
107020,Chemical Test Kit,2 sets of matches,,,,Giancarlo,
,,100 6x9 bags,,,,,
,,2 small cups w/ holder,,,,,
,,114 dropper bottles,,,,,
,,1 bag of petri dishes,,,,,
,,3 big containers,,,,,
,,1 container of baking soda,,,,,
,,1 container of corn starch,,,,,
,,1 container of alum,,,,,
,,1 contsiner of baby powder,,,,,
,,1 container of sugar,,,,,
,,5 bags of small containers with lids,,,,,
,,two beeakers,,,,,
,,1 bag of magnifying glasses,,,,,
,,1 bag of pippettes,,,,,
,,1 stack of baking cups,,,,,
,,2 funnels,,,,,
107050,Invisible Universe,1 set of miscellaneous bags,,,,Giancarlo,
,,6 folders w/ random sheets,,,,,
,,2 bags of rope,,,,,
,,1 bag of ropelike springs,,,,,
,,1 bag of wires,,,,,
,,1 bag of rubber tubes,,,,,
,,1 clip,,,,,
,,2 pocket radios,,,,,
,,16 glow stars,,,,,
,,1 phone chord,,,,,
,,1 infared lamp,,,,,
,,1 compass,,,,,
,,1 bag of magnets,,,,,
,,2 boxframes,,,,,
,,1 bag of packing penuts,,,,,
,,1 lamp shade,,,,,
,,16 wooden rods,,,,,
,,1 handhelds backlights,,,,,
,,1 flashlight,,,,,
,,1 pitcher,,,,,
,,1 slinky,,,,,
,,1 nail polish,,,,,
,,1 bag of pippettes,,,,,
,,1 portable lamp chord,,,,,
,,1 uv detecting beads,,,,,
,,5 battery packs,,,,,
,,2 d size batteries,,,,,
,,3 red filter gels,,,,,
,,1 xl nail cutter,,,,,
108386,Hot Water and Warm Homes,2 sets of plastic bags,,,,Giancarlo,
,,1 timer,,,,,
,,3 packs of full transperencies,,,,,
,,32 model house cutouts,,,,,
,,3 pitchers,,,,,
,,16 rolls of scotch tape,,,,,
,,1 stack of 6 oz cups,,,,,
,,1 stack of cardboard,,,,,
,,1 stack of pie pans,,,,,
,,2 packs on construction paper,,,,,
,,16 slabs of wood,,,,,
,,2 boxes of baking soda,,,,,
,,8 large containers,,,,,
,,60 3.5 oz cups,,,,,
,,1 bag of thermometers,,,,,
,,7 sticky note pads,,,,,
,,1 tiny measuring cup,,,,,
,,1 bag of beans,,,,,
,,1 container of bromothymol blue,,,,,
,,1 pack of 2.75 oz funnels,,,,,
,,1 bag of balloons,,,,,
,,1 bag of plastic quarters,,,,,
,,1 spray,,,,,
,,1 stack of 8 oz cups,,,,,
,,1 stack of 9 oz cups,,,,,
,,2 graduated cylinders,,,,,
,,3 bags of markers,,,,,
,,1 large funnel,,,,,
,,1 bag of red counters,,,,,
,,1 bag of white counters,,,,,
,,1 bag of potting sand,,,,,
,,1 roll of plastic wrap,,,,,
,,1 bag of masking tape,,,,,
,,3 sets of lightbulbs,,,,,
,,1 bag of plastic straws,,,,,
,,1 bag of plastic spoons,,,,,
,,1 bag of bag ties,,,,,
,, 1 set of teacher copies,,,,,
,,1 set of miscellaneous papers,,,,,
,,1 set of long card stock for names,,,,,
107073,Global Warming Kit,8 red trays,,,,Giancarlo,
,,8 wooden slabs,,,,,
,,2 boxes of baking soda,,,,,
,,2 bags of bag ties,,,,,
,,1 bag of sticky notes,,,,,
,,1 bag of plastic quarters,,,,,
,,1 bag of balloons,,,,,
,,1 tiny measuring cup,,,,,
,,1 set of plastic spoons,,,,,
,,1 transparent tape,,,,,
,,2 tea candles,,,,,
,,3 bags of markers,,,,,
,,8 large containers,,,,,
,,1 plastic wrap,,,,,
,,1 air pump,,,,,
,,2 graduated cylinders,,,,,
,,1 roll of yarn,,,,,
,,1 stack of 9 oz cups,,,,,
,,60 3.5 oz cups,,,,,
,,2 packs of lightbulbs,,,,,
,,1 stack of manilla folders,,,,,
,,8 sets of global warming kits,,,,,
,,4 packs of construction paper,,,,,
,,1 set of tubes,,,,,
107052,Color Analyzers,1 set of 2 clear light bulb,,,Optics kit,Mason,
,,1 set of 3 large chalks,,,1 container storage,,
,,1 clamp,,,,,
,,1 roll of masking tape,,,,,
,,9 packs of crayons,,,,,
,,1 pack of index cards,,,,,
,,1 single hole hole puncher,,,,,
,,1 cord extension,,,,,
,,1 stack of construction paper,,,,,
,,1 folder of teacher master copy,,,,,
107062,Dry Ice Investigations,2 hammers,,,,Mason,
,,1 small green cooler bag,,,,,
,,1 packet of straws,,,,,
,,1 packetof ziplock bags,,,,,
,,1 clear 4 qt container,,,,,
,,45 clear plastic cups,,,,,
,,1 bag of 12 small clear glass containers,,,,,
,,1 bag of balloons,,,,,
,,1 stack of blank envelopes,,,,,
,,1 pair of chemical resistant gloves,,,,,
,,1 bag of pipettes ,,,,,
,,1 bottle of dawn dish soap,,,,,
,,1 roll of masking tape,,,,,
,,18 styrofoam cups,,,,,
,,1 bag of 12 pennies,,,,,
,,1 bag of 11 clear plastic spoons,,,,,
,,1 bag with 2 petri dishes with ball bearings labelled solid and gas,,,,,
,,2 cloths,,,,,
,,1 bag of plastic tweezers,,,,,
107063,Dry Ice Investigations,1 hammer,,,,Mason,
,,2 rolls of bbs,,,,,
,,1 roll of masking tape,,,,,
,,46 clear plastic cups,,,,,
,,19 styrofoam cups,,,,,
,,1 box of ziplock bags,,,,,
,,1 bag of straws,,,,,
,,1 bag of blank envelopes,,,,,
,,1 Dry Ice investigations Teacher's Pack,,,,,
,,1 bag of pennies,,,,,
,,1 Dry Ice Investigations Transparency Set,,,,,
,,2 white tubs,,,,,
,,1 bottle of dawn dishsoap,,,,,
,,1 pack of balloons,,,,,
,,2 towels,,,,,
,,1 pair of gloves,,,,,
,,1 bag of 2 empty petri dishes,,,,,
,,1 pag of pipettes,,,,,
,,1 bag of small glass containers,,,,,
,,1 bag of plastic tweezers,,,,,
,,1 bag of spoons,,,,,
,,1 large clear cylinder container,,,,,
106986,Electric Circuits,1 stack of cardboard,,,Everything else,Mason,
107017,Electric Circuits,1 stack of cardboard,,,,Mason,
,,4 rolls of masking tape,,,,,
,,1 bag of paperclip,,,,,
,,molding clay,,,,,
,,index cards,,,,,
,,plastic bags,,,,,
,,1 bag resistors,,,,,
,,1 bag of batteries,,,,,
,,1 bag of mini light bulbs ,,,,,
,,1 wire stripper,,,,,
,,2 bags of 30 bulb sockets,,,,,
,,1 bag of battery holders,,,,,
,,1 bag of bass fastenors,,,,,
,,1 bag of wires,,,,,
,,2 bags of fahnestock clips,,,,,
,,1 bag of stuff,,,,,
107053,Descovering Density,8 16 oz cups,,,,Mason,
,,2 bag of pipettes,,,,,
,,1 bag of coffee filters,,,,,
,,1 bag of binder clips,,,,,
,,1 bag of fishing bobbers,,,,,
,,1 bag of cylinders,,,,,
,,2 bag of sand,,,,,
,,1 bag of cube weights,,,,,
,,1 stack of 9 oz cups,,,,,
,,1 stack of clear plastic containers with lids,,,,,
,,molding clay,,,,,
,,coffee straw,,,,,
,,metal spoon,,,,,
,,food coloring,,,,,
,,2 beakers,,,,,
,,1 roll of masking tape,,,,,
,,1 box of kosher salt,,,,,
,,1 bottle of glycerol,,,,,
,,1 bag of straws,,,,,
,,1 bag of platic spoons,,,,,
,,8 trays,,,,,
,,1 bag of small acrylic cylinders,,,,,
,,1 bag of 9 oz cups,,,,,
107016,Electric Circuits,1 stack of cardboard,,,Everything Else,Mason,
107042,Ideas and Inventions Kit,1 stack of coffee filters,,,,Mason,
,,1 bag of rolled tape,,,,,
,,36 mirrors,,,,,
,,1 bag of index cards,,,,,
,,1 bag of mirror holders,,,,,
,,pack of 10 title slides,,,,,
,,1 bag of rubber bands,,,,,
,,1 box of paper clips,,,,,
,,1 bag of match sticks cardboard,,,,,
,,2 boxes of markers,,,,,
,,food coloring,,,,,
,,30 metal washers,,,,,
,,40 lids,,,,,
,,1 stack of 9 oz cups,,,,,
,,1 stack of clear containers,,,,,
,,1 bag of textured objects,,,,,
,,1 stack of copy paper,,,,,
,,some cutouts,,,,,
,,some cardboard,,,,,
,,1 pack of sticky notes,,,,,
102222,Learning about Learning Kit,"1 bag of masking tapes, rolled tape and a ball of twine",,,,Mason,
,,1 vhs tape,,,,,
,,"1 bag of hole puncher, marker, paper clips, sticky note, stars",,,,,
,,1 bag of name labels,,,,,
,,manilla envelopes,,,,,
,,manilla folders,,,,,
,,1 tray,,,,,
,,1 stack of contraction paper,,,,,
,,1 folder of papers,,,,,
,,1 stack of worksheets,,,,,
,,1 bag of cotton balls,,,,,
,,art board,,,,,
,,envelopes,,,,,
,,blind folds,,,,,
,,1 box of markers,,,,,
,,plastic bags,,,,,
,,1 pack of paper towels,,,,,
,,1 bag of blue plastic containers,,,,,
107041,Ideas and Inventions Kits,2 bag of coffee filters,,,,Mason,
,,2 boxes of markers,,,,,
,,1 bag of lids,,,,,
,,1 stack of 9 oz cups,,,,,
,,1 stack of clear plastic containers,,,,,
,,3 bag of 36 mirror clips,,,,,
,,1 bag of 36 mirrors,,,,,
,,1 bag of textured objects,,,,,
,,6 rolled tapes,,,,,
,,1 bag of rubber bands,,,,,
,,1 stack of copy paper,,,,,
,,1 stack of index cards,,,,,
,,1 pamphlet for leaf observations,,,,,
,,1 bag of 10 title sliders,,,,,
,,1 bag of paper clips,,,,,
,,1 bag of matchsticks cardboard,,,,,
,,1 bag of 20 metal washers,,,,,
,,1 stack of cut outs,,,,,
,,1 stack of worksheets,,,,,
,,2 permenant markers,,,,,
,,1 stack of cardboard,,,,,
,,1 box of food coloring,,,,,
,,1 stack of sticky notes,,,,,
106989,Chemical Tests Kits,1 stack of paper plates,,,,Mason,
,,1 bag of 80 0.5 oz jars with lids,,,,,
,,2 bags of small plastic spoons,,,,,
,,2 bags of wooden clothes pins,,,,,
,,1 bottle of detergent solution,,,,,
,,1 roll of aluminum foil,,,,,
,,1 bottle of 2% alcohol solution,,,,,
,,1 box of expo markers,,,,,
,,1 bag of markers,,,,,
,,2 box of corn starch,,,,,
,,1 container of clear ammonia,,,,,
,,1 stack of brown lunch bags,,,,,
,,1 pack of adhesive dots,,,,,
,,1 pack of construction paper,,,,,
,,1 stack of worksheets,,,,,
,,1 stack of A3 paper,,,,,
123086,Aerodynamics,31 sextants,,,,Mason,
,,1 frisbee,,,,,
,,3 long cardboard rolls,,,,,
,,13 short cardboard rolls,,,,,
,,15 model rockets,,,,,
,,8 rocket cardboard cut outs,,,,,
,,17 360 degree scales,,,,,
,,2 bag of styrofoam tail fins,,,,,
,,1 bag of binder clips,,,,,
,,1 pig with wings toy,,,,,
,,1 bag of sponge,,,,,
,,1 firing device,,,,,
,,5 small yellow cardboard rolls,,,,,
,,1 metal base,,,,,
,,2 boomerangs,,,,,
,,1 small bottle of wood cement,,,,,
,,3 plane kits,,,,,
,,3 rocket kits,,,,,
,,1 weight on a spring in a clear tube,,,,,
,,1 bag of metal washers,,,,,
,,1 set of sighter pointers,,,,,
,,1 stack of worksheets,,,,,
,,1 stack of cut outs,,,,,
,,1 set of A8-3 rocket engines,,,,,
,,1 packet of reinforcement labels,,,,,
,,1 small metal rod,,,,,
,,1 bag of ziplocks bags,,,,,
,,1 spool of thread,,,,,
,,3 plastic triangle pieces,,,,,
107074,Global Warming Kit,1 bag of potting soil,,,,Giancarlo,
,,1 gallon of bromothymol blue,,,,,
,,1 gallon white vinegar,,,,,
,,1 stack of masking tape,,,,,
,,1 bag of red counters,,,,,
,,100 plastic straws,,,,,
,,1 bag of white counters,,,,,
,,1 bag of miscellaneous papers,,,,,
,,1 funnel,,,,,
,,1 gameboard set,,,,,
136181,Algebraic Reasoning,10 large orange cubes,,,,Mason,
,,1 Geometric Solids kit,,,,,
,,3 car kits,,,,,
,,1 bag of small cubes,,,,,
,,1 bag of orange rods,,,,,
,,1 bag of red plastic disks,,,,,
,,1 bag of mixed connectable pieces,,,,,
,,1 measuring tape,,,,,
123112,Algebraic Reasoning,10 large orange cubes,,,,Mason,
,,1 bag of large orange square disks,,,,,
,,1 bag of pennies,,,,,
,,1 bag of orange rods,,,,,
,,1 bag of blue rods,,,,,
,,1 bag of small cubes,,,,,
,,1 measuring tape,,,,,
102539,Floating and Sinking Kit,2 boxes of aluminum foil,,,,Mason,
,,1 box of wax paper,,,,,
,,1 stack of plastic plates,,,,,
,,2 wooden dowel,,,,,
,,1 bag of cardboard square cut outs,,,,,
,,1 bag of plastic droppers,,,,,
,,1 bag of bobby pins,,,,,
,,2 bags of paper clips,,,,,
,,1 bag of straws,,,,,
,,3 bag of bags,,,,,
,,1 bag of lids,,,,,
,,2 bag of medium aluminum cylinders,,,,,
,,2 bag of suction hooks,,,,,
,,1 bag nylon bolts,,,,,
,,2 wooden bases,,,,,
,,4 white containers,,,,,
,,1 bag of spoons,,,,,
,,1 bag of 15 spring scales,,,,,
,,3 bags of fishing bobbers,,,,,
,,1 stack of clear plastic containers,,,,,
,,1 bag of blue marbles,,,,,
,,4 weight kits,,,,,
,,2 bag of 15 small acetal delrin cylinders,,,,,
,,3 bag of medium acetal delrin cylinders,,,,,
,,1 bag of small polyethylene cylinders,,,,,
,,1 bag of medium wooden cylinders,,,,,
,,2 bag of medium polyethylene cylinders,,,,,
,,1 bag of small cubes,,,,,
,,1 bag of small wooden cylinders,,,,,
,,1 spool of nylon fishing line,,,,,
,,1 bag of tooth picks,,,,,
,,3 bags of molding clay,,,,,
,,1 bag of taster spoons,,,,,
,,1 bag of plastic cylindrical containers,,,,,
,,3 bags of medium acrylic cylinders,,,,,
,,1 bag of small acrylic cylinders,,,,,
,,1 bag of small aluminum cylinders,,,,,
,,1 bag of aluminum nuts,,,,,
,,1 bag of aluminum hooks,,,,,
,,2 rolls of masking tape,,,,,
,,1 bag of small wooden barrel beads,,,,,
,,1 sharpee marker,,,,,
105966,Electric Circuits,1 bag of alligator clips,,,,Giancarlo,
,,2 bags of spare sparts,,,,,
,,1 bag of rubber bands,,,,,
,,1 bag of incomplete sets,,,,,
,,10 binder clip circuits,,,,,
,,6 battery circuits,,,,,
,,7 lightbulb curcuits,,,,,
,,6 rotational cicuits,,,,,
,,7 black center circuits,,,,,
,,1 bag of bags,,,,,
,,1 bag of latex,,,,,
,,1 set of miscellaneous papers,,,,,
107034,Food Chemistry,16 envelopes,,,,Giancarlol,
,,2 containers of white vinegar,,,,,
,,2 bottles of isopropyl alcohol,,,,,
,,2 1 tsp measuring cuos,,,,,
,,16 hand lens,,,,,
,,16 6 cup lab trays,,,,,
,,1 bag of protein test stripes,,,,,
,,50 brown paper bags,,,,,
,,1 sharpie,,,,,
,,1 set of plastic bags,,,,,
,,20 petri dishes,,,,,
,,1 empty container,,,,,
,,22 forceps,,,,,
,,80 20 oz cups,,,,,
,,1 corn oil,,,,,
,,1 corn cyrup,,,,,
,,1 iodine container,,,,,
,,208 blank labels,,,,,
,,1 human body dvd,,,,,
,,16 10 cup lab trays,,,,,
,,1 bag of plastic spoons,,,,,
,,1 bag of little bottles,,,,,
,,5 funnels,,,,,
,,8 boxes of tooth picks,,,,,
,,1 bag of glucose test stripes,,,,,
109882,In all Probability Kit,5 bags of spinners,,,,Giancarlo,
,,1 masking tape,,,,,
,,4 packs of of game boards,,,,,
,,1 set of teacher copies,,,,,
,,2 sets of plastic cups,,,,,
,,3 sets of blank die,,,,,
,,1 set of 6 sided die,,,,,
,,1 set of 8 sided dice,,,,,
,,2 bags of plastic pennies,,,,,
,,1 set of crayons,,,,,
107015,Electric Circuits,1 set of circuit signs,,,,Giancarlo,
,,3 pieces of cardboard,,,,,
,,2 rolls of wires,,,,,
,,4 rolls of masking tape,,,,,
,,5 boxes of brass washers,,,,,
,,1 box of resistors,,,,,
,,2 bags of clips,,,,,
,,3 boxes of paper clips,,,,,
,,6 pieces of molding clay,,,,,
,,6 bags of battery holders,,,,,
,,1 bag of fastinors,,,,,
,,2 blue connectors,,,,,
,,1 bag of little lightbulbs,,,,,
,,2 regular sized lightbulbs,,,,,
,,2 tweezers,,,,,
,,1 wire cutter,,,,,
,,1 screwdriver,,,,,
,,1 box of indicators,,,,,
107018,Electric Circuits,1 stack of cardboard,1 bag of leaking batteries,,roll of masking tape,Mason,
,,2 bag of dice,,,roll of measuring tape,,
,,2 bag of wires,,,,,
,,1 bag of brass fasteners,,,,,
,,1 bag of assembled motors,,,,,
,,1 bag of wire mesh,,,,,
,,1 bag of switches and buttons,,,,,
,,1 bag of nails and small rods,,,,,
,,7 bags of name tags,,,,,
,,1 bag of staples,,,,,
,,1 bag of chalk,,,,,
,,1 shoelace,,,,,
,,1 bag of battery holders,,,,,
,,2 bag of brass screws,,,,,
,,1 bag of plastic spoons,,,,,
,,1 bag of erasers,,,,,
,,1 bag of battery connectors,,,,,
,,1 bag of marbles,,,,,
,,1 bag of mini light bulbs,,,,,
,,2 boxes of brass washers,,,,,
,,1 bag of golf tees,,,,,
,,1 bag of pencils,,,,,
,,1 bag of rubberbands,,,,,
,,1 bag of cut up straws,,,,,
,,1 bag of popsicle sticks,,,,,
,,1 bag of lids,,,,,
,,1 bag of pipe cleaners,,,,,
,,3 bags of paper clips,,,,,
,,1 bag of binder clips,,,,,
,,2 bags of rocks,,,,,
,,1 bag of batteries,,,,,
,,1 box of batteries,,,,,
,,1 pack of diodes,,,,,
,,1 pack of disk batteries,,,,,
,,1 bag of leds,,,,,
,,1 wire cutter,,,,,
109883,Math on the Menu Kit,3 container of connectable cubes,,,,Mason,
,,1 stack of worksheets,,,,,
,,1 stack of cardstock,,,,,
,,4 bags of connectable cubes,,,,,
,,37 bags of cut outs,,,,,
,,1 bag of plastic foods,,,,,
,,1 bundle of bags,,,,,
,,1 binder clip,,,,,
107344,Group Solutions,1 stack of labelled folders with envelopes,,,,Mason,
,,1 stack of worksheets,,,,,
,,1 stack of stickers,,,,,
107345,Group Solutions,1 Bear Street Map print out,,,Banker's Box,Mason,
,,2 bags of blocks,,,,,
,,1 stack of clear plastic containers,,,,,
,,1 bag of bags,,,,,
,,10 bags of bears,,,,,
,,1 bag of markers,,,,,
,,1 stack of filled envelopes,,,,,
,,12 bags of plastic coins,,,,,
,,1 container of bears,,,,,
106905,In All Probability Kit,2 giant foam dice,,,,Mason,
,,2 bags of small plastic cups,,,,,
,,1 stack of cups,,,,,
,,1 bag of small foam dices,,,,,
,,8 bags of spinners,,,,,
,,1 roll of masking tape,,,,,
,,6 bags of crayons,,,,,
,,1 bag of colored popsicle sticks,,,,,
,,1 stack of popsicle sticks,,,,,
,,5 bags of coins (metal and plastic),,,,,
,,9 bags of small plastic dice,,,,,
,,1 bag of bags,,,,,
,,1 stack of worksheets and drawings,,,,,
123116,Microscopic Exploration,3 bags of lids,,,,Mason,
,,4 bags of magnifying glasses,,,,,
,,"1 microscopic exploration box filled with bags, toothpicks, popsicle sticks, index cards, vials with caps",,,,,
,,1 bag of rolled tapes,,,,,
,,1 box of wax paper,,,,,
,,1 pack of chenille stems,,,,,
,,1 bag of droppers,,,,,
,,1 bag of packing peanuts,,,,,
,,1 roll of duct tape,,,,,
,,1 roll of masking tape,,,,,
,,1 bag of sand,,,,,
,,2 boxes of AA batteries,,,,,
,,1 bundle of small spoons,,,,,
,,1 stack of small measuring plates,,,,,
,,1 bag of coffee stirrers,,,,,
,,1 bottle of alunium potassium sulfate,,,,,
,,1 bottle of boric acd,,,,,
,,1 bag of film canisters,,,,,
,,1 bag of glass vials,,,,,
,,1 fabric kit,,,,,
,,1 container of coins,,,,,
,,1 bag of newspaper cut outs,,,,,
,,1 beaker,,,,,
,,1 inflatable globe,,,,,
,,2 glass containers,,,,,
,,1 stack of containers,,,,,
107095,FOSS Measurement,2 pitchers,,,,Mason,
,,8 plastic measuring cylinder,,,,,
,,8 plastic tubs,,,,,
,,2 stacks of plastic cups,,,,,
,,2 stacks of clear plastic containers,,,,,
,,1 set of measuring spoons,,,,,
,,3 large plastic beakers,,,,,
,,9 small plastic beakers,,,,,
,,1 bag of pennies,,,,,
,,8 bags of straws,,,,,
,,1 bag of sponges,,,,,
,,1 bag of bags,,,,,
,,1 bag of syringes,,,,,
,,6 bags of kits,,,,,
,,1 bag of markers,,,,,
,,1 bag of hand held lenses,,,,,
,,1 bag of post its,,,,,
,,1 bag of measuring tape,,,,,
,,1 bag of thermometers,,,,,
,,1 empty coke bottle,,,,,
107040,levers and pulleys kit,9 cardboards,,,,Vanessa,
,,11 bottles filled with rocks,,,,,
,,7 empty bottles,,,,,
,,18 sticks,,,,,
,,20 spring scales,,,,,
,,2 bags of single-wheeled pulleys,,,,,
,,2 bags of mason lines,,,,,
,,2 bags of binder paper clips,,,,,
,,bag of rubber bands,,,,,
,,bag of erasers,,,,,
,,1 bag of yellow rope,,,,,
,,bag of cardboard collars ,,,,,
,,bag of spoons ,,,,,
,,bag of paper clips,,,,,
,,2 bags of adhesive dots,,,,,
,,5 cups,,,,,
,,2 scotch tape,,,,,
,,2 duck tape,,,,,
,,hanger,,,,,
122719,math out of the box,wausau paper,,,,Vanessa,
,,5 bags of blocks,,,,,
,,8 bags of cubes,,,,,
,,2 bags of magnents,,,,,
,,4 whiteboards,,,,,
,,10 whiteboard pamphlets,,,,,
,,30 geometry journal,,,,,
,,bag of pens,,,,,
,,bag of dry erase markers,,,,,
,,2 sticky notes,,,,,
,,7 scotch tape,,,,,
,,magic tape,,,,,
,,bag of ziploc bags,,,,,
106967,microscopic exploration,10-inch plate,,,,Vanessa,
,,bucket with miscellaneous things inside,,,,,
,,2 epsoln salt solution,,,,,
,,boric acid,,,,,
,,dish soap,,,,,
,,table salt,,,,,
,,aluminum potassium sulfate,,,,,
,,bag of manila folders,,,,,
,,construction paper,,,,,
,,box of straws,,,,,
,,ice cream salt,,,,,
,,epsom salt,,,,,
,,box of miscellaneous stuff,,,,,
,,2 brine shrimp kits,,,,,
,,2 boxed of detergent,,,,,
,,spoon,,,,,
,,wax paper,,,,,
,,bag of pipe cleaners,,,,,
,,"bag of gem, sand, etc",,,,,
,,liter cube,,,,,
,,bottle,,,,,
,,two plastic bowls,,,,,
,,bag of miscellaneous things,,,,,
,,2 scotch tape,,,,,
,,bag of styrofoam,,,,,
,,paper towels,,,,,
,,epsom salt,,,,,
,,2 brine shrimp eggs,,,,,
,,brine shrimp hatch mix,,,,,
,,color coding labels,,,,,
,,clear showcase boxes,,,,,
,,culture tubes w/ caps,,,,,
,,plastic showcase boxes,,,,,
,,aluminum ,,,,,
,,plastic covers,,,,,
106934,Mixtures and Solutions,1 container of epsom salt,Spilled salt and a plastic cup,,,Mason,Had to clean the box as salt was spilled everywhere
,,1 container of iodized salt,,,,,
,,1 box of kosher salt,,,,,
,,2 funnels,,,,,
,,1 bag of small plastic sppons,,,,,
,,1 bottle of kool aid,,,,,
,,2 container of anhydrous calcium chloride,,,,,
,,2 containers of baking soda,,,,,
,,1 bag of hand lenses,,,,,
,,1 bag of nickels,,,,,
,,1 bag of small metal beads,,,,,
,,1 bottle of calcium chloride solution,,,,,
,,a few popsicle sticks,,,,,
,,1 bag of lids,,,,,
,,6 syringes,,,,,
,,12 plastic test tubes,,,,,
,,2 stacks of plastic cups,,,,,
,,2 measuring spoons,,,,,
,,2 bags plastic spoons,,,,,
,,1 marker,,,,,
,,4 clear containers with lids,,,,,
,,1 bag of funnel stand legs,,,,,
106933,Mixtures and Solutions,1 container of kool aid,,,,Mason,Had to clean the box as salt was spilled everywhere
,,4 containers of anhydrous diatomaceous earth,,,,,
,,2 containers of anhydrous calcium chloride,,,,,
,,6 containers of anhydrous citric acid,,,,,
,,1 box of ziplock bags,,,,,
,,1 bottle of iodized salt,,,,,
,,1 syack of post it notes,,,,,
,,1 stack of index cards,,,,,
,,1 packet of filter paper,,,,,
,,1 stack of cups,,,,,
,,1 box of baking soda,,,,,
,,1 funnel,,,,,
,,2 bags of popsicle sticks,,,,,
,,3 bags of syringes,,,,,
,,1 bag o test tubes,,,,,
,,1 bag of small containers,,,,,
,,1 bag of lids and hand lenses,,,,,
,,1 stack of containers,,,,,
,,1 bottle with vinegar label,,,,,
,,1 bag of lids,,,,,
106936,Mixtures and Solutions,1 bag of aquarium gravel,,,,Mason,Had to clean the box as salt was spilled everywhere
,,1 container of aquarium gravel,,,,,
,,1 bag of post it notes,,,,,
,,5 measuring spoons,,,,,
,,2 plastic beakers,,,,,
,,1 bag of anhydrous diatomaceous earth,,,,,
,,a few sheets of cardstock,,,,,
,,3bags of plastic spoons,,,,,
,,1 stack of plastic cups,,,,,
,,1 powder duster,,,,,
,,1 bunch of ziplock bags,,,,,
,,10 funnels,,,,,
,,2 comtainers of anhydrous diatomaceous earth,,,,,
,,1 bag of popsicle sticks,,,,,
,,1 bag of funnel leg stands,,,,,
,,1 bag of wire mesh,,,,,
,,1 stack of cardstock cut outs,,,,,
,,1 stack of filter paper,,,,,
,,1 stack of worksheets,,,,,
,,1 container of anhydrous citric acid,,,,,
,,1 bag of lids,,,,,
,,1 bag og bags,,,,,
,,1 bag of syringes,,,,,
107019,motion and design,6 buckets w/ lids,empty 60yd roll of nylon braided casting line,,,Vanessa,
,,ball of yarn,,,,,
,,bag of wooden blocks,,,,,
,,sheets of fine cardboard,,,,,
,,10 book dividers,,,,,
,,bag of colored pencils,,,,,
,,bag of timers,,,,,
,,4 bags of wheels + parts,,,,,
,,jar,,,,,
,,bag of white connectors,,,,,
,,bag of green connectors,,,,,
,,bag of red connectors,,,,,
,,bag of yellow connectors,,,,,
,,2 duck tapes,,,,,
,,oragne connectors,,,,,
,,red rods,,,,,
,,gray connectors,,,,,
,,gray rods,,,,,
,,blue rods,,,,,
,,yellow rods,,,,,
,,white rods,,,,,
,,green rods,,,,,
,,tan connectors lock,,,,,
,,2 measuring tapes,,,,,
,,10 1oz plastic cups,,,,,
,,washers,,,,,
,,mini washers,,,,,
,,rubber bands,,,,,
,,packet of circle templates,,,,,
,,paperclips,,,,,
,,bag of paperclips + yarn,,,,,
102302,motion and design,11 buckets + lids,,,,Vanessa,
,,cardboard,,,,,
,,grided paper,,,,,
,,9 bookshelf dividers,,,,,
,,bag of colored pencils,,,,,
,,2 goggles,,,,,
,,pack of 1oz cups,,,,,
,,rolls of paper,,,,,
,,dot stickers,,,,,
,,bag of measuring tape,,,,,
,,paperclips,,,,,
,,pack of circle templates,,,,,
,,pack of propellers,,,,,
,,screw hooks,,,,,
,,brass eyelets,,,,,
,,sharpie,,,,,
106916,motion and design,10 buckets + lids,,,,Vanessa,
,,bag of wooden blocks,,,,,
,,yellow connectors,,,,,
,,green connectors,,,,,
,,red connectors,,,,,
,,white connectors,,,,,
,,grided paper,,,,,
,,sheets of fine cardboard,,,,,
,,gray rods,,,,,
,,yellow rods,,,,,
,,red rods,,,,,
,,blue rods,,,,,
,,white rods,,,,,
,,green rods,,,,,
,,large and mini washers,,,,,
,,oragne connectors,,,,,
,,tan connectors ,,,,,
,,gray connectors,,,,,
,,screw hooks,,,,,
,,brass eyelets,,,,,
,,circle templates,,,,,
,,rubberbands,,,,,
,,paperclips,,,,,
,,10 bookshelf dividers,,,,,
,,3 rolls of paper,,,,,
,,measuring tape,,,,,
,,1oz cups,,,,,
,,3 timers,,,,,
,,ball of yarn,,,,,
,,pack of propellers,,,,,
,,goggles,,,,,
,,colored pencils,,,,,
,,bag of yarn,,,,,
,,bag of ziploc bags,,,,,
106918,motion and design,12 buckets + 11 lids,,,,Vanessa,
,,white connectors,,,,,
,,yellow connectors,,,,,
,,green connectors,,,,,
,,screw hooks,,,,,
,,bag of wooden blocks,,,,,
,,record sheet,,,,,
,,red rods,,,,,
,,gray rods,,,,,
,,yellow rods,,,,,
,,blue rods,,,,,
,,white rods,,,,,
,,gray connectors,,,,,
,,green rods,,,,,
,,red connectors,,,,,
,,oragne connectors,,,,,
,,large wheels,,,,,
,,small wheels,,,,,
,,large tires,,,,,
,,small tires,,,,,
,,paperclips,,,,,
,,rolls of paper,,,,,
,,rubberbands,,,,,
,,brass eyelets,,,,,
,,cardboard,,,,,
,,measuring tape,,,,,
,,iron filings,,,,,
,,pack of propellers,,,,,
,,circle templates,,,,,
,,yellow washers,,,,,
,,tiny washers,,,,,
,,3 bookshelf dividers,,,,,
,,sauce cups,,,,,
,,scissor,,,,,
,,dot stickers,,,,,
102355,motion and design,grided paper,,,,Vanessa,
,,cardboard,,,,,
,,10 buckets + 11 lids,,,,,
,,large tires,,,,,
,,small wheels,,,,,
,,small tires,,,,,
,,rolls of paper,,,,,
,,sandpaper,,,,,
,,colored pencils,,,,,
,,white connectors,,,,,
,,yellow connectors,,,,,
,,green connectors,,,,,
,,red connectors,,,,,
,,gray rods,,,,,
,,red rods,,,,,
,,green rods,,,,,
,,rubber bands,,,,,
,,pipettes,,,,,
,,2 packs of propellers,,,,,
,,blue rods,,,,,
,,yellow rods,,,,,
,,tan connectors,,,,,
,,whiite rods,,,,,
,,1oz plastic cups,,,,,
,,gray connectors,,,,,
,,dot stickers,,,,,
,,measuring tape,,,,,
,,circle templates,,,,,
,,large washers,,,,,
,,small washers,,,,,
,,goggles,,,,,
,,paperclips,,,,,
,,brass eyelids,,,,,
,,60yd roll of nylon braided casting line,,,,,
,,screw hooks,,,,,
106943,On Sandy Shores Kit,"7 containers filled with sand, shells, feathers, wood, and etc, comes with lids",1 crumbling bottle of glue,,,Mason,
106942,On Sandy Shores Kit,1 stack of construction paper,,,,Mason,
,,2 bag of cotton balls,,,,,
,,1 bag of chenille stems,,,,,
,,1 teacher's pack,,,,,
,,5 container bottles with lids,,,,,
,,1 stack of paper plates,,,,,
,,2 bundle of trash bags,,,,,
,,1 bag of dried leaves,,,,,
,,2 bags of magnifying glasses,,,,,
,,1 bag of litter,,,,,
,,2 bag of balloons,,,,,
,,2 rolls of streamers,,,,,
,,2 bag of crepe paper,,,,,
,,1 bag of straw,,,,,
,,1 inflatable globe,,,,,
,,1 bag of baby lima beans,,,,,
,,1 bag of ziplock bags,,,,,
,,1 stack of large ziplock bags,,,,,
,,6 bottles of glue,,,,,
,,1 bottle of powder tempera,,,,,
,,1 bag of tooth picks,,,,,
,,7 blocks of molding clay,,,,,
,,1 bag of black beans,,,,,
,,1 bag of metal tweezers,,,,,
,,2 stack of index cards,,,,,
,,1 paint brush,,,,,
,,1 spool of fishing line,,,,,
,,1 roll of masking tape,,,,,
,,1 bag of marbles,,,,,
,,1 stack of plastic plates,,,,,
,,1 stack of cardstock,,,,,
,,1 pack of photo cut outs,,,,,
,,1 bag of craft fur,,,,,
,,1 bag of light red kidney beans,,,,,
,,1 pack of feathers,,,,,
,,1 stack of cups,,,,,
,,1 bag of sand,,,,,
,,6 rolls of tape,,,,,
,,1 pack of magnets,,,,,
,,8 containers,,,,,
,,1 water jug,,,,,
102307,Stories in Stone,1 bucket of clay,,,,Mason,
,,1 bucket with bags of sand,,,,,
,,5 bags with rock labelled rock samples,,,,,
,,1 bag of small plastic containers with lids,,,,,
,,1 stack of clear plastic cup,,,,,
,,2 bag of coffee stirrers,,,,,
,,1 bag of rolled tape,,,,,
,,1 pack of sponges,,,,,
,,1 roll of masking tape,,,,,
,,1 bag of markers,,,,,
,,1 bag of plastic knives,,,,,
,,1 bag of instructions,,,,,
,,1 bag of metal spoons ,,,,,
,,1 bag of plastic spoons,,,,,
,,1 stack of styrofoam cups,,,,,
,,1 water pitcher,,,,,
107491,On Sandy Shores Kit,7 containers filled with sand and stuff with lids,,,,Mason,
,,2 bags of stuff,,,,,
106904,On Sandy Shores Kit Extra Sand/Beach Stuff,16 bags of sand,,,,Mason,
,,1 bag of shells,,,,,
,,1 bag of pennies,,,,,
,,5 bags of staging items,,,,,
,,1 box of sand samples,,,,,
107742,ocean currents kit,4 water jugs,,,,Vanessa,
,,bag of pipettes,,,,,
,,ocean currents teacher's pack,,,,,
,,box of rocks,,,,,
,,rag,,,,,
,,3 pieces of glass,,,,,
,,bag of crayons,,,,,
107740,ocean currents kit,2 15qt storage containers w/ lids,,,,Vanessa & Canyon,crack at bottom of bin
,,4 cups,,,,,
,,graduated cylinder,,,,,
,,pack of 25 8oz cup lids,,,,,
,,transparency kits,,,,,
,,4 rags,,,,,
,,8 12qt storage containers,,,,,
,,pack of 4 measuring spoons,,,,,
,,box of crayons,,,,,
,,pack of 40 marbles,,,,,
,,bag of 4 mini orange protractors,,,,,
,,2 plastic funnnels,,,,,
,,measuring cup,,,,,
,,2 bags of zip ties,,,,,
,,manual air pump,,,,,
,,pack of 4 tornado tubs,,,,,
109897,ocean currents kit,2 rags,,,,Vanessa & Canyon & Mason,
,,bag of straws,,,,,
,,8 empty plastic bottles with lids,,,,,
,,4 draining short solo cups,,,,,
,,8 plastic dishes,,,,,
,,10 packages of food coloring,,,,,
,,3 1 liter pitcher,,,,,
,,8 small inflatable globes,,,,,
,,1 large inflatable globes,,,,,
,,"4 boxes of carolina biological granite, gray",,,,,
,,8 disposable pippettes,,,,,
,,5 sterile disposable pippettes,,,,,
,,4 packets of markers,,,,,
,,1 bag of 7 wooden sticks,,,,,
,,2 empty bags,,,,,
,,1 bag of 4 tornado tubes,,,,,
,,4 orange half gallon coolers,,,,,
120493,Terrarium Habitats,1 bag of petri dishes ,2 pencils,,,Canyon & Mason,
,,1 bag of lids,,,,,
,,5 terrarium habitat lab journal,,,,,
,,4 bag of grass seeds and dirt,,,,,
,,1 bag of plastic and metal spoons,,,,,
,,1 bag of gloves,,,,,
,,1 stack of clear plastic cups,,,,,
,,1 terrarium filled with dirt,,,,,
,,1 bag of plastic sample tubes,,,,,
,,1 bag of paper cups,,,,,
,,2 purple sponges,,,,,
,,1 bag with cup containing sand,,,,,
,,1 bag containing pea gravel,,,,,
,,1 bag of beans,,,,,
,,9 blue trays,,,,,
,,1 weighted tennis ball,,,,,
,,1 folder of construction paper,,,,,
,,29 ziplock bags of cut outs,,,,,
,,1 bag of magnifying glasses,,,,,
,,1 bag of sticks and bean,,,,,
,,1 terrarium habitat teacher's pack,,,,,
,,1 bundle of plastic bags,,,,,
,,1 stack of plastic trays,,,,,
,,1 stack of measuring cups,,,,,
,,assorted tupperware,,,,,
,,1 container with holes on lid,,,,,
,,1 bag of assorted dots and a sharpee,,,,,
,,1 roll of duct tape,,,,,
,,1 rain measuring tube,,,,,
120494,Terrarium Habitats,1 bag of grass seeds with spoon,,,,Canyon & Mason,
,,4 bags perviously containing soil,,,,,
,,1 plastic container,,,,,
,,5 small sandy cup pots,,,,,
107495,Schoolyard Ecology,"1 bag of sponges, spoons and magnifying glasses",,,,Canyon & Mason,
,,1 class set of clipboards,,,,,
,,2 bags of yellow string,,,,,
,,1 bag of magnifying glasse,,,,,
,,1 bag of lids,,,,,
,,1 bag of sauce containers and tooth picks,,,,,
,,1 whistle,,,,,
,,1 bag of apparol boxes,,,,,
,,1 bunch of plastic bags,,,,,
,,1 empty spray bottle,,,,,
,,1 animal identification card set,,,,,
,,1 can of cat food,,,,,
,,1 bag of paper,,,,,
,,1 bag containing teacher's pack,,,,,
,,1 bag of wet erase markers,,,,,
,,1 bag of popsicle sticks,,,,,
,,1 roll of double stick invisible tape,,,,,
,,4 lids with holes,,,,,
,,5 rulers,,,,,
,,1 bag of yellow dots,,,,,
,,1 box of markers,,,,,
123125,Investigating Sound,29 glass bottles,,,,Mason,
,,14 styrofoam cups with string attached,,,,,
,,7 styrofoam cups without string,,,,,
,,18 wooden boards (10 with nails),,,,,
,,1 bag of 4 rubber stoppers,,,,,
,,1 bag of 4 plastic test tubes,,,,,
,,1 bag of plastic eggs,,,,,
120840,Earth History Kit,1 stack of small plastic cups,,,,Mason,
,,1 stack of clear plastic containers,,,,,
,,1 bag of vinyl tubing,,,,,
,,1 bag of 4 sterile syringes,,,,,
,,1 bottle of sodium silicate solution,,,,,
,,1 bag of white powdered clay,,,,,
,,1 container of sand mountain stream sand,,,,,
,,1 container of sand dune sand,,,,,
,,1 container of sand beach sand,,,,,
,,2 rolls of paper,,,,,
,,1 bag of lids,,,,,
,,1 bag of 2 binder clips,,,,,
,,1 clamp pinchcock hose clamp,,,,,
,,2 sterile disposable pippette,,,,,
,,1 bag of sand stream table sand,,,,,
,,1 bag of mystery sand,,,,,
,,1 bag of plastic spoons,,,,,
,,1 bottle of phenyl salicylate,,,,,
,,1 bag of popsicle sticks,,,,,
,,1 bag with a measuring spoon,,,,,
,,1 container of shell oyster pieces,,,,,
,,1 bag of metamorphic rock: gneiss,,,,,
,,"1 bag of sedimentary rock: sandstone, supai",,,,,
,,1 bag of metamorphic rock: marble,,,,,
,,1 bag of sedimentary rock: shale,,,,,
,,"1 bag of sedimentary rock: sandstone, coconino",,,,,
,,"1 bag of sedimentray rock: limestone, redwall",,,,,
,,"1 bag of igneous rock: basalt, vesicular",,,,,
,,1 bag of metamorphic rock: slate,,,,,
,,1 bag of teacher reference set of rocks,,,,,
,,1 bag of igneous rock: pumice,,,,,
,,1 bag of igneous rock: scoria,,,,,
,,"1 bag of metamorphic rock: quartzite, pink",,,,,
,,"1 bag of sedimentary rock: limestone, toroweap",,,,,
,,1 bag of metamorphic rock: schist,,,,,
,,1 bag of igneous rock: obsidian,,,,,
,,1 bag of igneous rock: basalt,,,,,
,,1 bag of igneous rock: tuff,,,,,
,,1 bag of igneous rock: granite pink,,,,,
,,"1 bag of sedimentary rock: limestone, kaibab",,,,,
,,"1 bag of sedimentary rock: limestone, mauv",,,,,
,,1 bag of granite gray,,,,,
107251,Penguins and their Young,"Penguin size chart, ~4'x2'",,,,Canyon,
,,"Penguin young cutout, ~5""x10""",,,,,
,,"Bag of paper penguins, ~50 count",,,,,
,,"Bag of paper napkins, ~30 count",,,,,
,,"(3) Bag of plastic eggs, ~10 count, assorted colors",,,,,
,,Bag of cotton balls,,,,,
,,"Bag of cotton cadet gloves, 16 count",,,,,
,,"Ball of cotton yarn, 2.5oz, white",,,,,
,,"""Water-fill Pack"" containing cups, vials, gloves, baloons, trays",,,,,
,,"(3) Packages of construction paper, assorted colors, black, orange, ~40 count",,,,,
,,"(2) Plastic bins ~4""x10""x3""H",,,,,
,,"(2) Plastic bins ~4""x10""x3""H",,,,,
,,"(2) Packages clear plastic cups, 9oz, ~3""hx3""d, 50 count",,,,,
,,"Bag of plastic tropical fish ""counters"", assorted, 32 count",,,,,
,,"Bag of cups, 6oz, ~30 count",,,,,
,,"Bag of cups, 3oz, ~50 count",,,,,
,,"Bag of feathers, ~10 count",,,,,
,,"(3) Roll of register tape, white",,,,,
,,"Box of food coloring, assorted colors",,,,,
,,"(8) Metal wells (trays), stacked, ~12""x4""x3""H",,,,,
,,Bag of paper crepe folds,,,,,
,,"Stack of paper bags, ~40 count",,,,,
,,"Bag of model emporer penguins, ~30 count",,,,,
,,Teacher's Pack: Penguins and Their Young,,,,,
102382,Schoolyard Ecology,(2) Spray bottles,trash,,,Canyon,
,,"(2) Bag of apparel boxes, ~10 count",old packaging,,,,
,,"Ball of yarn, red",used name stickies,,,,
,,"(3) Box of markers, incomplete",old student powerpoint slides,,,,
,,"Package of wet erase markers, assorted colors",,,,,
,,"Bag of pop sticks, ~20 count",,,,,
,,"Bag of sponges, 4 count",,,,,
,,"Bag of flat unpointed tooth picks, ~700 count",,,,,
,,"Bag of plastic spoons, 3 count",,,,,
,,"Bag of solo cup lids, 8 count",,,,,
,,"Animale Name Cards, Spanish (English), 7 count",,,,,
,,Schoolyard Ecology Teacher Pack,,,,,
,,Roll of scotch tape,,,,,
,,"Class set of clipboards, transparent blue, 22 count",,,,,
,,"Bag of glow dot stickers, yellow, ~100 count",,,,,
107935,The Contour Model Kits,(10) Transparent model boxes,,,(7) transparent model box lids,Canyon,Some china pencils are stuck in the model boxes
,,"(10) China markers, black",,,"(3) Paper metric rulers, 10cm",,
,,"(10) Paper metric rulers, 10cm",,,,,
,,(3) Instruction sheets,,,,,
,,(3) Transparent model box lids,,,,,
120841,Earth History Kit,"Bag of Igneous Rocks Punmice #17, 6 count",(3) silverfish,,,Canyon & Mason,
,,"(2) Bag of sedemintary rocks, Limestone Muav #4, ~8 count",,,,,
,,"Bag of Metamorphic rocks, Quartzite #18, 8 count",,,,,
,,"Bag of sedimentary rock, sandstone, supai, #6, ~15 count",,,,,
,,"Bag of sedimentary rock, hermit shale #7, ~15 count",,,,,
,,"(5) Bag of metamorphic rocks, Schist, #1, 8 count",,,,,
,,"Bag of sedimentary rocks, limestone, redwall #5, 8 cont",,,,,
,,"Bag of igneous rocks, scoria #19, 7 count",,,,,
,,"Bag of igneous rocks, basalt, vesicular #13, 8 count",,,,,
,,"Bag of Metamorphic rocks, Slate #20, 8 count",,,,,
,,"Bag of igneous rocks, Granite #11, 7 count",,,,,
,,"Bag of igneous rocks, basalt, massive #12, 8 count",,,,,
,,"Bag of igneous rocks, Tuff #21, 10 count",,,,,
,,"Bag of sedimentary rocks, Sandstone, Coconino, #8, ~15 count",,,,,
,,"Bag ometamorphic rocks, Marble, #15, ~8 count",,,,,
,,Bag of teacher reference rocks,,,,,
,,(2) Bag of fossil rocks,,,,,
,,Bag of broken oyster shells,,,,,
,,"Bag of ""mystery sand""",,,,,
,,(3) Bag of sand stream table sand,,,,,
,,"Bag of binder clips, 2 count",,,,,
,,Container of sanddune sand,,,,,
,,Container of sand mountain stream sand,,,,,
,,"Conatiner of beach sand, 1/2L",,,,,
,,"Bottle of sodium silicate solution, 1L",,,,,
,,Bag of plastic spoons,,,,,
,,Bag of lids,,,,,
,,"Bag of metamorphics rock, Gniss #14, ~10 count",,,,,
,,Bag of clear plastic cups,,,,,
,,Bag with a pinchcock hose clamp,,,,,
,,"Bottle of dry phenyl salicylate, lab grade",,,,,
,,Roll of paper,,,,,
,,"Bottle of dry phenyl salicylate, purified",,,,,
,,Bag of plastic droppers,,,,,
,,"Bag of pop sticks, ~20 count",,,,,
,,Unopened disposible pippet,,,,,
120839,Earth History Kit,"(16) Plastic rock sample boxes, ~4""x8""",,,,Canyon,
,,"Bottle of dry calcium hydroxide, lab grade",,,,,
,,Bag of white clay powder,,,,,
,,"Bag with bottle of Hydrochloric acid, 8.7% conc.",,,,,
,,Bag of plastic squeeze bottles,,,,,
,,Bag of glass bottles with caps,,,,,
,,Grand Canyon River Song casette tape,,,,,
,,Weathering and erosion casette tape,,,,,
,,"Bag of glass petri dishes, 2 count",,,,,
,,"Stack of index cards, 100 count",,,,,
,,Bag of paper clips,,,,,
,,Bag of magnifying glasses,,,,,
,,Spool of rope/line,,,,,
,,Earth history resource book,,,,,
,,Earth history lab notebook,,,,,
,,Big plastic container,,,,,
,,(2) Maps,,,,,
,,Grand canyon poster,,,,,
,,Package of transparencies,,,,,
,,"Bag of plastic containers, 8 count",,,,,